{
  "E": {
    "name": "E_matched_params",
    "desc": "Matched params: same size, both mechanisms active",
    "combined": {
      "losses": [
        4.765791709606464,
        4.76363651569073,
        4.760793429154616
      ],
      "ppls": [
        117.42404624202152,
        117.17124716536713,
        116.8385922775227
      ],
      "mean_loss": 4.763407218150604,
      "std_loss": 0.002046970914996526,
      "mean_ppl": 117.1446285616371,
      "std_ppl": 0.23975056299586273,
      "params": 8346752
    },
    "standard": {
      "losses": [
        4.796175663287823,
        4.800232960627629,
        4.802443962830764
      ],
      "ppls": [
        121.04660821486887,
        121.53872795934451,
        121.80774764659681
      ],
      "mean_loss": 4.799617528915405,
      "std_loss": 0.00259576089478172,
      "mean_ppl": 121.4643612736034,
      "std_ppl": 0.3151519332997673,
      "params": 8348672
    },
    "compression": 1.0002300295971416,
    "gap": -0.03621031076480108,
    "t_stat": -15.490863391260971,
    "p_value": 0.00010136281964658457
  },
  "A": {
    "name": "A_gentle_1.3x",
    "desc": "Gentle compression: wave-gated FFN with halved ff_dim",
    "combined": {
      "losses": [
        4.806627456958477,
        4.815144263781034,
        4.809427848229041
      ],
      "ppls": [
        122.3183970482069,
        123.36460807131195,
        122.66141648968623
      ],
      "mean_loss": 4.81039985632285,
      "std_loss": 0.0035442535099334906,
      "mean_ppl": 122.78147386973502,
      "std_ppl": 0.43546887152031266,
      "params": 7515776
    },
    "standard": {
      "losses": [
        4.796175663287823,
        4.800232960627629,
        4.802443962830764
      ],
      "ppls": [
        121.04660821486887,
        121.53872795934451,
        121.80774764659681
      ],
      "mean_loss": 4.799617528915405,
      "std_loss": 0.00259576089478172,
      "mean_ppl": 121.4643612736034,
      "std_ppl": 0.3151519332997673,
      "params": 8348672
    },
    "compression": 1.110819694466679,
    "gap": 0.010782327407445003,
    "t_stat": 3.470980299378455,
    "p_value": 0.025560800146645746
  },
  "B": {
    "name": "B_medium_1.5x",
    "desc": "Medium compression: fewer layers + halved FFN",
    "combined": {
      "losses": [
        4.8363165855407715,
        4.853125608884371,
        4.852780067003691
      ],
      "ppls": [
        126.00436957801594,
        128.14028096948974,
        128.09601078485457
      ],
      "mean_loss": 4.847407420476277,
      "std_loss": 0.007843673224232354,
      "mean_ppl": 127.4135537774534,
      "std_ppl": 0.9966075935459212,
      "params": 6476288
    },
    "standard": {
      "losses": [
        4.796175663287823,
        4.800232960627629,
        4.802443962830764
      ],
      "ppls": [
        121.04660821486887,
        121.53872795934451,
        121.80774764659681
      ],
      "mean_loss": 4.799617528915405,
      "std_loss": 0.00259576089478172,
      "mean_ppl": 121.4643612736034,
      "std_ppl": 0.3151519332997673,
      "params": 8348672
    },
    "compression": 1.2891137639339079,
    "gap": 0.0477898915608721,
    "t_stat": 8.180203985592012,
    "p_value": 0.0012162415394851764
  },
  "C": {
    "name": "C_aggressive_2x",
    "desc": "Aggressive compression: 2 layers, small FFN",
    "combined": {
      "losses": [
        5.010507418559148,
        5.0143870023580694,
        5.012864497991709
      ],
      "ppls": [
        149.98081989579302,
        150.5638132092892,
        150.33475356266527
      ],
      "mean_loss": 5.012586306302976,
      "std_loss": 0.001596002417494833,
      "mean_ppl": 150.29312888924915,
      "std_ppl": 0.23981904424386938,
      "params": 5561216
    },
    "standard": {
      "losses": [
        4.796175663287823,
        4.800232960627629,
        4.802443962830764
      ],
      "ppls": [
        121.04660821486887,
        121.53872795934451,
        121.80774764659681
      ],
      "mean_loss": 4.799617528915405,
      "std_loss": 0.00259576089478172,
      "mean_ppl": 121.4643612736034,
      "std_ppl": 0.3151519332997673,
      "params": 8348672
    },
    "compression": 1.5012313853660781,
    "gap": 0.21296877738757036,
    "t_stat": 98.84059315632749,
    "p_value": 6.282226271059074e-08
  },
  "D": {
    "name": "D_extreme_3x",
    "desc": "Extreme compression: smaller everything",
    "combined": {
      "losses": [
        5.0839080443749065,
        5.111968443943904,
        5.106605841563298
      ],
      "ppls": [
        161.40359741029434,
        165.9967888585608,
        165.1089966493187
      ],
      "mean_loss": 5.100827443294036,
      "std_loss": 0.012162481131512741,
      "mean_ppl": 164.16979430605795,
      "std_ppl": 1.9892926215612234,
      "params": 4103328
    },
    "standard": {
      "losses": [
        4.796175663287823,
        4.800232960627629,
        4.802443962830764
      ],
      "ppls": [
        121.04660821486887,
        121.53872795934451,
        121.80774764659681
      ],
      "mean_loss": 4.799617528915405,
      "std_loss": 0.00259576089478172,
      "mean_ppl": 121.4643612736034,
      "std_ppl": 0.3151519332997673,
      "params": 8348672
    },
    "compression": 2.0346099556262622,
    "gap": 0.30120991437863065,
    "t_stat": 34.25230094762501,
    "p_value": 4.334394613567013e-06
  }
}