{
  "standard": {
    "desc": "Standard 8 heads (baseline)",
    "losses": [
      4.796175663287823,
      4.800232960627629,
      4.802443962830764
    ],
    "ppls": [
      121.04660821486887,
      121.53872795934451,
      121.80774764659681
    ],
    "mean_loss": 4.799617528915405,
    "mean_ppl": 121.4643612736034,
    "std_ppl": 0.3151519332997673,
    "params": 8348672
  },
  "combined_28d": {
    "desc": "Combined 1p+7s+gate (28-dim)",
    "losses": [
      4.765791709606464,
      4.76363651569073,
      4.760793429154616
    ],
    "ppls": [
      117.42404624202152,
      117.17124716536713,
      116.8385922775227
    ],
    "mean_loss": 4.763407218150604,
    "mean_ppl": 117.1446285616371,
    "std_ppl": 0.23975056299586273,
    "params": 8346752
  },
  "combined_34d": {
    "desc": "Combined 1p+7s+gate (34-dim, expanded table)",
    "losses": [
      4.7741044484652,
      4.764684988902165,
      4.757301220527062
    ],
    "ppls": [
      118.40423003577166,
      117.2941625046307,
      116.43127916267632
    ],
    "mean_loss": 4.765363552631476,
    "mean_ppl": 117.37655723435957,
    "std_ppl": 0.8075582354758231,
    "params": 8367488
  }
}