{
  "1p/7s": {
    "n_periodic": 1,
    "n_standard": 7,
    "mean_ppl": 114.83343161167926,
    "std_ppl": 1.2608456027687018,
    "mean_loss": 4.743422532692933,
    "losses": [
      4.740739749028132,
      4.757983134343074,
      4.731544714707595
    ],
    "params": 28913920,
    "p_vs_std": 0.010621335804782138
  },
  "2p/6s": {
    "n_periodic": 2,
    "n_standard": 6,
    "mean_ppl": 115.89948355595283,
    "std_ppl": 0.5199407344627123,
    "mean_loss": 4.752713252336551,
    "losses": [
      4.749163590944731,
      4.759031772613525,
      4.749944393451397
    ],
    "params": 28541440,
    "p_vs_std": 0.006100691598198116
  },
  "3p/5s": {
    "n_periodic": 3,
    "n_standard": 5,
    "mean_ppl": 115.63108825243552,
    "std_ppl": 1.0535714243622756,
    "mean_loss": 4.750363178742238,
    "losses": [
      4.737598089071421,
      4.755001068115234,
      4.758490379040058
    ],
    "params": 28168960,
    "p_vs_std": 0.013176103043754463
  },
  "4p/4s": {
    "n_periodic": 4,
    "n_standard": 4,
    "mean_ppl": 117.47395743049022,
    "std_ppl": 0.906379807451562,
    "mean_loss": 4.766186983157427,
    "losses": [
      4.75857166143564,
      4.763253065255972,
      4.776736222780668
    ],
    "params": 27796480,
    "p_vs_std": 0.05890431395011294
  },
  "5p/3s": {
    "n_periodic": 5,
    "n_standard": 3,
    "mean_ppl": 119.20461524403885,
    "std_ppl": 0.35743361144224456,
    "mean_loss": 4.780836973434839,
    "losses": [
      4.784040047572209,
      4.77682561140794,
      4.781645261324369
    ],
    "params": 27424000,
    "p_vs_std": 0.3915990744003351
  },
  "6p/2s": {
    "n_periodic": 6,
    "n_standard": 2,
    "mean_ppl": 120.24218288316153,
    "std_ppl": 0.9641081714327466,
    "mean_loss": 4.789475856683193,
    "losses": [
      4.800590735215407,
      4.785740815676176,
      4.782096019157996
    ],
    "params": 27051520,
    "p_vs_std": 0.7290923775800662
  },
  "7p/1s": {
    "n_periodic": 7,
    "n_standard": 1,
    "mean_ppl": 124.64657770313102,
    "std_ppl": 1.232767705634391,
    "mean_loss": 4.825433645492946,
    "losses": [
      4.816593573643611,
      4.83919279391949,
      4.820514568915734
    ],
    "params": 26679040,
    "p_vs_std": 0.011995893601837337
  },
  "0p/8s": {
    "n_periodic": 0,
    "n_standard": 8,
    "mean_ppl": 119.51,
    "std_ppl": 0.87,
    "params": 29286400
  },
  "8p/0s": {
    "n_periodic": 8,
    "n_standard": 0,
    "mean_ppl": 141.36,
    "std_ppl": 0.17,
    "params": 26306560
  }
}