{
  "combined": {
    "losses": [
      4.634064417618972,
      4.640860429176917,
      4.643361825209397,
      4.639990733220027,
      4.635335225325364
    ],
    "ppls": [
      102.93157196724982,
      103.63347850096869,
      103.89303135983405,
      103.54338806504038,
      103.06246135214138
    ],
    "params": 29257984,
    "mean_loss": 4.6387225261101355,
    "std_loss": 0.0034892364852760877,
    "mean_ppl": 103.41278624904685,
    "std_ppl": 0.3607469997744705
  },
  "standard": {
    "losses": [
      4.6559380201193,
      4.668237044261052,
      4.668773321005014,
      4.670809929187481,
      4.66802191734314
    ],
    "ppls": [
      105.20786081828642,
      106.50980474668366,
      106.56693879643508,
      106.78419505380991,
      106.48689408509941
    ],
    "params": 29286400,
    "mean_loss": 4.666356046383197,
    "std_loss": 0.005301487318451379,
    "mean_ppl": 106.31113870006291,
    "std_ppl": 0.5615685605499797
  },
  "t_stat": -8.708003053288092,
  "p_value": 2.3600720756726452e-05,
  "gap": -0.027633520273061762
}