{
  "ffn_dim": {
    "ff64": {
      "losses": [
        4.946100124946008,
        4.960149123118474,
        4.957964878815871
      ],
      "ppls": [
        140.62547137400733,
        142.61506151406644,
        142.30389533367983
      ],
      "mean_loss": 4.95473804229345,
      "std_loss": 0.006172678665933682,
      "mean_ppl": 141.84814274058454,
      "std_ppl": 0.873842110429537,
      "params": 6060800,
      "config": {
        "d_model": 256,
        "n_layers": 4,
        "n_periodic": 1,
        "n_standard": 5,
        "d_k": 32,
        "d_ff": 64,
        "use_wave_gate": true
      }
    },
    "ff128": {
      "losses": [
        4.887465788767888,
        4.896827129217295,
        4.899050327447744
      ],
      "ppls": [
        132.6170681791461,
        133.86437080714316,
        134.16230890445124
      ],
      "mean_loss": 4.894447748477643,
      "std_loss": 0.00501972599746527,
      "mean_ppl": 133.54791596358018,
      "std_ppl": 0.6693529093068206,
      "params": 6199296,
      "config": {
        "d_model": 256,
        "n_layers": 4,
        "n_periodic": 1,
        "n_standard": 5,
        "d_k": 32,
        "d_ff": 128,
        "use_wave_gate": true
      }
    },
    "ff192": {
      "losses": [
        4.85092254785391,
        4.865672386609591,
        4.873032808303833
      ],
      "ppls": [
        127.85829084483363,
        129.75815693351447,
        130.71675520282923
      ],
      "mean_loss": 4.863209247589111,
      "std_loss": 0.00919297538582253,
      "mean_ppl": 129.4444009937258,
      "std_ppl": 1.1878655125328272,
      "params": 6337792,
      "config": {
        "d_model": 256,
        "n_layers": 4,
        "n_periodic": 1,
        "n_standard": 5,
        "d_k": 32,
        "d_ff": 192,
        "use_wave_gate": true
      }
    },
    "ff256": {
      "losses": [
        4.8363165855407715,
        4.853125608884371,
        4.852780067003691
      ],
      "ppls": [
        126.00436957801594,
        128.14028096948974,
        128.09601078485457
      ],
      "mean_loss": 4.847407420476277,
      "std_loss": 0.007843673224232354,
      "mean_ppl": 127.4135537774534,
      "std_ppl": 0.9966075935459212,
      "params": 6476288,
      "config": {
        "d_model": 256,
        "n_layers": 4,
        "n_periodic": 1,
        "n_standard": 5,
        "d_k": 32,
        "d_ff": 256,
        "use_wave_gate": true
      }
    },
    "ff384": {
      "losses": [
        4.8322371152731085,
        4.82834137403048,
        4.818893707715548
      ],
      "ppls": [
        125.49138556167449,
        125.00345463875964,
        123.82802498774623
      ],
      "mean_loss": 4.826490732339712,
      "std_loss": 0.005602397541083073,
      "mean_ppl": 124.77428839606011,
      "std_ppl": 0.6981308257623813,
      "params": 6753280,
      "config": {
        "d_model": 256,
        "n_layers": 4,
        "n_periodic": 1,
        "n_standard": 5,
        "d_k": 32,
        "d_ff": 384,
        "use_wave_gate": true
      }
    },
    "ff512": {
      "losses": [
        4.8125621905693645,
        4.817043634561392,
        4.815809066479023
      ],
      "ppls": [
        123.04648251003566,
        123.59914586982347,
        123.44664846290934
      ],
      "mean_loss": 4.8151382972032595,
      "std_loss": 0.001890023567648536,
      "mean_ppl": 123.36409228092282,
      "std_ppl": 0.23305341262055732,
      "params": 7030272,
      "config": {
        "d_model": 256,
        "n_layers": 4,
        "n_periodic": 1,
        "n_standard": 5,
        "d_k": 32,
        "d_ff": 512,
        "use_wave_gate": true
      }
    }
  },
  "head_ratio": {
    "0p6s": {
      "losses": [
        4.845754256615272,
        4.853081593146691,
        4.852086305618286
      ],
      "ppls": [
        127.19918664881698,
        128.1346409046231,
        128.00717353843638
      ],
      "mean_loss": 4.85030738512675,
      "std_loss": 0.003245086927194778,
      "mean_ppl": 127.78033369729216,
      "std_ppl": 0.41421484065172376,
      "params": 6534912,
      "config": {
        "d_model": 256,
        "n_layers": 4,
        "n_periodic": 0,
        "n_standard": 6,
        "d_k": 32,
        "d_ff": 256,
        "use_wave_gate": true
      }
    },
    "1p5s": {
      "losses": [
        4.8363165855407715,
        4.853125608884371,
        4.852780067003691
      ],
      "ppls": [
        126.00436957801594,
        128.14028096948974,
        128.09601078485457
      ],
      "mean_loss": 4.847407420476277,
      "std_loss": 0.007843673224232354,
      "mean_ppl": 127.4135537774534,
      "std_ppl": 0.9966075935459212,
      "params": 6476288,
      "config": {
        "d_model": 256,
        "n_layers": 4,
        "n_periodic": 1,
        "n_standard": 5,
        "d_k": 32,
        "d_ff": 256,
        "use_wave_gate": true
      }
    },
    "2p4s": {
      "losses": [
        4.858176983319796,
        4.860660296220046,
        4.842379221549401
      ],
      "ppls": [
        128.7892031034212,
        129.10942443321764,
        126.77060857336632
      ],
      "mean_loss": 4.853738833696414,
      "std_loss": 0.0080961843621162,
      "mean_ppl": 128.22307870333506,
      "std_ppl": 1.035338119924336,
      "params": 6417664,
      "config": {
        "d_model": 256,
        "n_layers": 4,
        "n_periodic": 2,
        "n_standard": 4,
        "d_k": 32,
        "d_ff": 256,
        "use_wave_gate": true
      }
    },
    "3p3s": {
      "losses": [
        4.869690913420457,
        4.873052468666663,
        4.86021691102248
      ],
      "ppls": [
        130.28064267444378,
        130.71932516692763,
        129.05219191452107
      ],
      "mean_loss": 4.867653431036533,
      "std_loss": 0.005434542965014723,
      "mean_ppl": 130.0173865852975,
      "std_ppl": 0.705601940036243,
      "params": 6359040,
      "config": {
        "d_model": 256,
        "n_layers": 4,
        "n_periodic": 3,
        "n_standard": 3,
        "d_k": 32,
        "d_ff": 256,
        "use_wave_gate": true
      }
    }
  },
  "wave_gate": {
    "with_gate": {
      "losses": [
        4.8363165855407715,
        4.853125608884371,
        4.852780067003691
      ],
      "ppls": [
        126.00436957801594,
        128.14028096948974,
        128.09601078485457
      ],
      "mean_loss": 4.847407420476277,
      "std_loss": 0.007843673224232354,
      "mean_ppl": 127.4135537774534,
      "std_ppl": 0.9966075935459212,
      "params": 6476288,
      "config": {
        "d_model": 256,
        "n_layers": 4,
        "n_periodic": 1,
        "n_standard": 5,
        "d_k": 32,
        "d_ff": 256,
        "use_wave_gate": true
      }
    },
    "no_gate": {
      "losses": [
        4.845656780096201,
        4.846423314167903,
        4.85214088513301
      ],
      "ppls": [
        127.18678831915666,
        127.28431870127858,
        128.01416029851453
      ],
      "mean_loss": 4.848073659799038,
      "std_loss": 0.002892937959785008,
      "mean_ppl": 127.49508910631658,
      "std_ppl": 0.369192109690472,
      "params": 6447616,
      "config": {
        "d_model": 256,
        "n_layers": 4,
        "n_periodic": 1,
        "n_standard": 5,
        "d_k": 32,
        "d_ff": 256,
        "use_wave_gate": false
      }
    }
  }
}