{
  "d512": {
    "standard_512": {
      "desc": "Standard 8 heads (d=512)",
      "losses": [
        4.6559380201193,
        4.668237044261052,
        4.668773321005014,
        4.670809929187481,
        4.66802191734314
      ],
      "ppls": [
        105.20786081828642,
        106.50980474668366,
        106.56693879643508,
        106.78419505380991,
        106.48689408509941
      ],
      "mean_loss": 4.666356046383197,
      "mean_ppl": 106.31113870006291,
      "std_ppl": 0.5615685605499797,
      "params": 29286400
    },
    "combined_512": {
      "desc": "Combined 1p+7s+gate (d=512)",
      "losses": [
        4.634064417618972,
        4.640860429176917,
        4.643361825209397,
        4.639990733220027,
        4.635335225325364
      ],
      "ppls": [
        102.93157196724982,
        103.63347850096869,
        103.89303135983405,
        103.54338806504038,
        103.06246135214138
      ],
      "mean_loss": 4.6387225261101355,
      "mean_ppl": 103.41278624904685,
      "std_ppl": 0.3607469997744705,
      "params": 29257984
    },
    "smd_512": {
      "desc": "SMD 2smd+6std+gate (d=512, 4 steps)",
      "losses": [
        4.604400157928467,
        4.585026007432204,
        4.5918100613814135,
        4.59692617563101,
        4.609690812917856
      ],
      "ppls": [
        99.92302683358993,
        98.00573598649842,
        98.67287257340612,
        99.17898783061962,
        100.45308603784075
      ],
      "mean_loss": 4.597570643058189,
      "mean_ppl": 99.24674185239097,
      "std_ppl": 0.8702459176086101,
      "params": 28885888
    }
  },
  "n_steps": {
    "smd_steps2": {
      "desc": "SMD 2+6 (2 steps)",
      "losses": [
        4.746977237554697,
        4.750820343311016,
        4.748693814644446
      ],
      "ppls": [
        115.23542821316175,
        115.6791422244772,
        115.43340858483035
      ],
      "mean_loss": 4.748830465170053,
      "mean_ppl": 115.4493263408231,
      "std_ppl": 0.18149483404272687,
      "params": 8259200
    },
    "smd_steps4": {
      "desc": "SMD 2+6 (4 steps)",
      "losses": [
        4.724737332417415,
        4.730772018432617,
        4.725967242167546
      ],
      "ppls": [
        112.70089161511574,
        113.38306238260037,
        112.83958881559761
      ],
      "mean_loss": 4.727158864339192,
      "mean_ppl": 112.97451427110457,
      "std_ppl": 0.2943839872348872,
      "params": 8259200
    },
    "smd_steps8": {
      "desc": "SMD 2+6 (8 steps)",
      "losses": [
        4.689315649179312,
        4.662018940998958,
        4.655553304232084
      ],
      "ppls": [
        108.77871152860045,
        105.84957061167506,
        105.16739346748516
      ],
      "mean_loss": 4.668962631470118,
      "mean_ppl": 106.59855853592023,
      "std_ppl": 1.5665549714013007,
      "params": 8259200
    },
    "smd_steps16": {
      "desc": "SMD 2+6 (16 steps)",
      "losses": [
        4.469555726418128,
        4.441436877617469,
        4.408624282250037
      ],
      "ppls": [
        87.31792134912264,
        84.89684044587707,
        82.15636175885636
      ],
      "mean_loss": 4.439872295428544,
      "mean_ppl": 84.79037451795203,
      "std_ppl": 2.108542244667969,
      "params": 8259200
    }
  }
}