{
  "standard": {
    "desc": "Standard 8 heads",
    "losses": [
      4.796175663287823,
      4.800232960627629,
      4.802443962830764
    ],
    "ppls": [
      121.04660821486887,
      121.53872795934451,
      121.80774764659681
    ],
    "mean_loss": 4.799617528915405,
    "mean_ppl": 121.4643612736034,
    "std_ppl": 0.3151519332997673,
    "params": 8348672
  },
  "combined": {
    "desc": "Combined 1proj+7std+gate",
    "losses": [
      4.765791709606464,
      4.76363651569073,
      4.760793429154616
    ],
    "ppls": [
      117.42404624202152,
      117.17124716536713,
      116.8385922775227
    ],
    "mean_loss": 4.763407218150604,
    "mean_ppl": 117.1446285616371,
    "std_ppl": 0.23975056299586273,
    "params": 8346752
  },
  "smd_2_6": {
    "desc": "SMD 2smd+6std+gate (4 steps)",
    "losses": [
      4.724737332417415,
      4.730772018432617,
      4.725967242167546
    ],
    "ppls": [
      112.70089161511574,
      113.38306238260037,
      112.83958881559761
    ],
    "mean_loss": 4.727158864339192,
    "mean_ppl": 112.97451427110457,
    "std_ppl": 0.2943839872348872,
    "params": 8259200
  },
  "smd_4_4": {
    "desc": "SMD 4smd+4std+gate (4 steps)",
    "losses": [
      4.737986087799072,
      4.736922539197481,
      4.735634216895471
    ],
    "ppls": [
      114.20397315302569,
      114.08257624428194,
      113.93569575205825
    ],
    "mean_loss": 4.736847614630675,
    "mean_ppl": 114.0740817164553,
    "std_ppl": 0.10968837288642976,
    "params": 8083712
  }
}