{
  "standard": {
    "val_loss": 4.8987384313418545,
    "val_ppl": 134.1204707276681,
    "params": 123755292
  },
  "smd": {
    "val_loss": 4.9211298369576415,
    "val_ppl": 137.1574912791615,
    "params": 122170908
  }
}