{
  "baseline": {
    "val_ppl": 10306.629784040842
  },
  "smd_adapter": {
    "val_ppl": 17.51724057269286
  }
}