{
  "standard": {
    "desc": "Standard 8 heads (baseline)",
    "losses": [
      4.796175663287823,
      4.800232960627629,
      4.802443962830764
    ],
    "ppls": [
      121.04660821486887,
      121.53872795934451,
      121.80774764659681
    ],
    "mean_loss": 4.799617528915405,
    "mean_ppl": 121.4643612736034,
    "std_ppl": 0.3151519332997673,
    "params": 8348672
  },
  "combined_1p7s": {
    "desc": "Combined 1proj+7std+wavegate",
    "losses": [
      4.765791709606464,
      4.76363651569073,
      4.760793429154616
    ],
    "ppls": [
      117.42404624202152,
      117.17124716536713,
      116.8385922775227
    ],
    "mean_loss": 4.763407218150604,
    "mean_ppl": 117.1446285616371,
    "std_ppl": 0.23975056299586273,
    "params": 8346752
  },
  "wave_4w4s": {
    "desc": "Wave 4wave+4std+wavegate",
    "losses": [
      4.800598309590266,
      4.79429030418396,
      4.802060824174148
    ],
    "ppls": [
      121.58314011999907,
      120.81860688980359,
      121.76108732905453
    ],
    "mean_loss": 4.798983145982792,
    "mean_ppl": 121.38761144628573,
    "std_ppl": 0.40885281889349545,
    "params": 8039936
  },
  "wave_2w2p4s": {
    "desc": "Wave 2wave+2proj+4std+wavegate",
    "losses": [
      4.798697434938871,
      4.7887932153848505,
      4.784869285730215
    ],
    "ppls": [
      121.35224533145812,
      120.15627838629653,
      119.6857174301685
    ],
    "mean_loss": 4.790786645351313,
    "mean_ppl": 120.39808038264106,
    "std_ppl": 0.7015126349640689,
    "params": 8061440
  },
  "wave_8w_pure": {
    "desc": "Wave 8wave pure (0 Q/K params) + wavegate",
    "losses": [
      5.053006924115694,
      5.0528642030862665,
      5.055708371675932
    ],
    "ppls": [
      156.49231825073778,
      156.46998509972258,
      156.91564558291938
    ],
    "mean_loss": 5.053859832959298,
    "mean_ppl": 156.62598297779326,
    "std_ppl": 0.20502521961116746,
    "params": 7645184
  },
  "direct_4w4s": {
    "desc": "Direct overlap 4wave+4std+wavegate",
    "losses": [
      4.800338910176204,
      4.8146233191856975,
      4.807246171511137
    ],
    "ppls": [
      121.55160561488496,
      123.30035868212039,
      122.39410063755989
    ],
    "mean_loss": 4.807402800291013,
    "mean_ppl": 122.4153549781884,
    "std_ppl": 0.7140836238555414,
    "params": 8039936
  }
}