{
  "config": {
    "d_model": 512,
    "n_layers": 6,
    "n_heads": 8,
    "d_k": 64,
    "ff_dim": 2048,
    "seq_len": 256,
    "batch_size": 64,
    "epochs": 10,
    "lr": 0.0005,
    "n_seeds": 5,
    "modes": "periodic,random,standard,mixed"
  },
  "results": {
    "periodic": {
      "mean_ppl": 141.35863141179263,
      "std_ppl": 0.17228069539647,
      "mean_loss": 4.951299403263972,
      "losses": [
        4.950753138615535,
        4.949186068314773,
        4.9517908829909105,
        4.952187354748066,
        4.9525795716505785
      ],
      "params": 26306560
    },
    "random": {
      "mean_ppl": 149.0845676758502,
      "std_ppl": 0.21375755122606707,
      "mean_loss": 5.004512684161847,
      "losses": [
        5.004853248596191,
        5.001764994401198,
        5.005647475902851,
        5.005665412315955,
        5.004632289593037
      ],
      "params": 26306560
    },
    "standard": {
      "mean_ppl": 119.50898798534058,
      "std_ppl": 0.8686338706803752,
      "mean_loss": 4.78336534500122,
      "losses": [
        4.7804337648245,
        4.797637205857497,
        4.781625050764817,
        4.77834782233605,
        4.778782881223238
      ],
      "params": 29286400
    },
    "mixed": {
      "mean_ppl": 117.52965871782109,
      "std_ppl": 0.7825815181195914,
      "mean_loss": 4.766668583796575,
      "losses": [
        4.75857166143564,
        4.763253065255972,
        4.776736222780668,
        4.771947273841271,
        4.762834695669321
      ],
      "params": 27796480
    }
  }
}