{
  "0.1": {
    "train_loss": 6.448706563638181,
    "val_loss": 6.8640389372662804,
    "val_ppl": 957.2254438934934
  },
  "0.5": {
    "train_loss": 6.457013137486516,
    "val_loss": 6.887597095675584,
    "val_ppl": 980.0436345021317
  },
  "1.0": {
    "train_loss": 6.4600660389783435,
    "val_loss": 6.9011612613026685,
    "val_ppl": 993.4276751479582
  },
  "2.0": {
    "train_loss": 6.465442032959997,
    "val_loss": 6.874476779379496,
    "val_ppl": 967.2691380032899
  },
  "5.0": {
    "train_loss": 6.474724345547813,
    "val_loss": 6.880144656576761,
    "val_ppl": 972.7670667684091
  },
  "baseline": {
    "train_loss": 6.484430006572178,
    "val_loss": 6.9460521488654905,
    "val_ppl": 1039.039646675557
  }
}